market_rank,collected_at_utc,market_id,question,probability,category,volume,end_date,reddit_query,subreddits,sentiment_model,mean_compound,weighted_compound,adjusted_compound,adjusted_weighted,polarity,stance_score,n_posts,n_comments,n_total,n_raw_posts,n_after_semantic_filter
1,2026-05-22T12:29:11.061324+00:00,0x84f8b70331323c2fba97d7ceaa9a35fb645a0770d0dbff169d07f24f376766e9,Trump out as President before GTA VI?,0.505,Politics,655363.2920480097,2026-07-31T12:00:00Z,Trump out President,"politics,worldnews,stocks,investing,news,Economics,geopolitics",twitter-roberta,-0.2624616742134094,-0.3367932845300707,-0.2624616742134094,-0.3367932845300707,1,-0.15231206119060517,25,0,25,25,25
2,2026-05-22T12:29:11.061324+00:00,0x7b49b9bacb5f435bc10f3b100ff59e2fdd346f7f92a9001881bc9825a0af0f11,Will China invades Taiwan before GTA VI?,0.505,Geopolitics,1838655.4012000607,2026-07-31T12:00:00Z,China invades Taiwan,"politics,worldnews,stocks,investing,news,Economics,geopolitics",twitter-roberta,-0.0412471938133239,-0.0511614128863061,-0.0412471938133239,-0.0511614128863061,1,-0.022040979266166688,25,0,25,25,25
3,2026-05-22T12:29:11.061324+00:00,0xbb57ccf5853a85487bc3d83d04d669310d28c6c810758953b9d9b91d1aee89d2,Will bitcoin hit $1m before GTA VI?,0.4925,Crypto,4282674.643907554,2026-07-31T12:00:00Z,bitcoin hit 1m,"politics,worldnews,stocks,investing,news,Economics,geopolitics",twitter-roberta,0.0424354529380798,0.1437316277560519,0.0424354529380798,0.1437316277560519,1,0.15568910241127015,25,0,25,25,25
4,2026-05-22T12:29:11.061324+00:00,0x84edef36bded182da6a395ac6c785dba8f3e09b6c5ad041385b2042536cbef25,Will Iran win the 2026 FIFA World Cup?,0.0015,Geopolitics,27071804.72379009,2026-07-20T00:00:00Z,Iran win 2026 FIFA World Cup,"politics,worldnews,stocks,investing,news,Economics,geopolitics",twitter-roberta,0.0357862091064453,-0.0217781518938607,0.0357862091064453,-0.0217781518938607,1,-0.17931174546480178,25,0,25,25,25
5,2026-05-22T12:29:11.061324+00:00,0x1fad72fae204143ff1c3035e99e7c0f65ea8d5cd9bd1070987bd1a3316f772be,New Rihanna Album before GTA VI?,0.525,Entertainment,737747.487548001,2026-07-31T12:00:00Z,New Rihanna Album,"politics,worldnews,stocks,investing,news,Economics,geopolitics",twitter-roberta,-0.0054491686820983,-0.0841918149226504,-0.0054491686820983,-0.0841918149226504,1,-0.19850608140230178,25,0,25,25,25
6,2026-05-22T12:29:11.061324+00:00,0x50ddb9cd80d5c271664a2ebb7fcaed1d0a148d82c8e8d314d830f75a944c3dcc,New Playboi Carti Album before GTA VI?,0.545,Entertainment,735147.828320947,2026-07-31T12:00:00Z,New Playboi Carti Album,"politics,worldnews,stocks,investing,news,Economics,geopolitics",twitter-roberta,0.0170914268493652,-0.0160100597284559,0.0170914268493652,-0.0160100597284559,1,0.11265516817569733,25,0,25,25,25
7,2026-05-22T12:29:11.061324+00:00,0x32b09f6390252b37d674501527e709016d55581b2c1e544bd4b8167f5f732f4c,Will Jesus Christ return before GTA VI?,0.485,Entertainment,11442028.395757845,2026-07-31T12:00:00Z,Jesus Christ return,"politics,worldnews,stocks,investing,news,Economics,geopolitics",twitter-roberta,-0.2794999146461487,-0.2350903816716105,-0.2794999146461487,-0.2350903816716105,1,-0.10995175361633301,25,0,25,25,25
8,2026-05-22T12:29:11.061324+00:00,0xcccb7e7613a087c132b69cbf3a02bece3fdcb824c1da54ae79acc8d4a562d902,GTA VI released before June 2026?,0.0025,Entertainment,14719157.575946037,2026-05-31T12:00:00Z,GTA VI released June 2026,"politics,worldnews,stocks,investing,news,Economics,geopolitics",twitter-roberta,0.0707427167892456,0.0967032291396177,0.0707427167892456,0.0967032291396177,1,0.3189615825563669,25,0,25,25,25
9,2026-05-22T12:29:11.061324+00:00,0xf398b0e5016eeaee9b0885ed84012b6dc91269ac10d3b59d60722859c2e30b2f,Will Harvey Weinstein be sentenced to no prison time?,0.772,Legal,359402.96363100153,2025-12-31T12:00:00Z,Harvey Weinstein sentenced no prison time,"politics,worldnews,stocks,investing,news,Economics,geopolitics",twitter-roberta,-0.0201312029361724,-0.149557872734133,-0.0201312029361724,-0.149557872734133,1,-0.34671063125133517,25,0,25,25,25
11,2026-05-22T12:29:11.061324+00:00,0x3209617364a0d598435806b59d0d056b606022dc9028c466ad7912df94fc170c,Will Harvey Weinstein be sentenced to between 5 and 10 years in prison?,0.0225,Legal,83696.53097500054,2025-12-31T12:00:00Z,Harvey Weinstein sentenced between 5 10 years prison,"politics,worldnews,stocks,investing,news,Economics,geopolitics",twitter-roberta,0.0399772751331329,-0.0545814101201355,0.0399772751331329,-0.0545814101201355,1,-0.35175948798656465,25,0,25,25,25
12,2026-05-22T12:29:11.061324+00:00,0x3d495a3e05eaffe438bb1c2ab97ed57a79b0a6ab18a2ca6fa5b448e20ce70082,Will Harvey Weinstein be sentenced to between 10 and 20 years in prison?,0.0375,Legal,163296.44783699946,2025-12-31T12:00:00Z,Harvey Weinstein sentenced between 10 20 years prison,"politics,worldnews,stocks,investing,news,Economics,geopolitics",twitter-roberta,0.0076591682434082,-0.1484396229580609,0.0076591682434082,-0.1484396229580609,1,-0.414520848095417,25,0,25,25,25
13,2026-05-22T12:29:11.061324+00:00,0xdee5db5410b362783a1405b66b9aa08a7d050ae1f99e8da85b9d1ae7962dad3b,Will Harvey Weinstein be sentenced to between 20 and 30 years in prison?,0.082,Legal,207151.7168529997,2025-12-31T12:00:00Z,Harvey Weinstein sentenced between 20 30 years prison,"politics,worldnews,stocks,investing,news,Economics,geopolitics",twitter-roberta,0.049744975566864,-0.0980027324625333,0.049744975566864,-0.0980027324625333,1,-0.2895389845967293,25,0,25,25,25
14,2026-05-22T12:29:11.061324+00:00,0x2499928ffbe6022444543dcd940075259cecb5e41e346284b578cb64e1404d32,Will Harvey Weinstein be sentenced to more than 30 years in prison?,0.0425,Legal,78749.6674,2025-12-31T12:00:00Z,Harvey Weinstein sentenced more 30 years prison,"politics,worldnews,stocks,investing,news,Economics,geopolitics",twitter-roberta,-0.3445392799377441,-0.490529578197945,-0.3445392799377441,-0.490529578197945,1,-0.455421701669693,25,0,25,25,25
15,2026-05-22T12:29:11.061324+00:00,0xf7b5491e70b477d451afe7d9c1fde4bf1a927e69ff289d294b96df164f6c10f0,Will the Carolina Hurricanes win the 2026 NHL Stanley Cup?,0.285,Sports,1083452.5697700162,2026-06-30T00:00:00Z,Carolina Hurricanes win 2026 NHL Stanley Cup,"politics,worldnews,stocks,investing,news,Economics,geopolitics",twitter-roberta,0.2896747255325317,0.2525986281097473,0.2896747255325317,0.2525986281097473,1,-0.44318594664335254,25,0,25,25,25
16,2026-05-22T12:29:11.061324+00:00,0xf8f63bb47b2a7c2e0c1be3cedf4075079b11c07476d76a9469065b0c4791961a,Will the Colorado Avalanche win the 2026 NHL Stanley Cup?,0.326,Sports,14858802.701126102,2026-06-30T00:00:00Z,Colorado Avalanche win 2026 NHL Stanley Cup,"politics,worldnews,stocks,investing,news,Economics,geopolitics",twitter-roberta,0.2487719869613647,0.1580490943347171,0.2487719869613647,0.1580490943347171,1,-0.5601324237138033,25,0,25,25,25
17,2026-05-22T12:29:11.061324+00:00,0x89389a6b1439856a8d366234c795d72865c927a1aa3cf9d4cc04a3a400defde1,Will the Vegas Golden Knights win the 2026 NHL Stanley Cup?,0.207,Sports,2289405.9440000006,2026-06-30T00:00:00Z,Vegas Golden Knights win 2026 NHL Stanley Cup,"politics,worldnews,stocks,investing,news,Economics,geopolitics",twitter-roberta,0.3843690252304077,0.3109486778317802,0.3843690252304077,0.3109486778317802,1,-0.013221067562699317,25,0,25,25,25
18,2026-05-22T12:29:11.061324+00:00,0x52847ca1413b76a5570b97c0c432e38dbe61b0140f9d45e912604591b08f6fca,Will the Montreal Canadiens win the 2026 NHL Stanley Cup?,0.1885,Sports,2977415.6084099943,2026-06-30T00:00:00Z,Montreal Canadiens win 2026 NHL Stanley Cup,"politics,worldnews,stocks,investing,news,Economics,geopolitics",twitter-roberta,0.2433066797256469,0.1651770829325742,0.2433066797256469,0.1651770829325742,1,-0.5265099461376667,25,0,25,25,25
19,2026-05-22T12:29:11.061324+00:00,0x22e7b5e35423e76842dd3a5e1a21d13793811080d5e7b2896d0c001bd5e97d54,Will the Oklahoma City Thunder win the 2026 NBA Finals?,0.495,Sports,12838420.386958972,2026-07-01T00:00:00Z,Oklahoma City Thunder win 2026 NBA Finals,"politics,worldnews,stocks,investing,news,Economics,geopolitics",twitter-roberta,0.279149796962738,0.2501696590788331,0.279149796962738,0.2501696590788331,1,0.039115960597991946,25,0,25,25,25
20,2026-05-22T12:29:11.061324+00:00,0x6b44bd667fad6cb5b3b68d8bd1055a038c77d9176dbd51f123879797cc3368a7,Will the Cleveland Cavaliers win the 2026 NBA Finals?,0.0175,Sports,16945926.472575933,2026-07-01T00:00:00Z,Cleveland Cavaliers win 2026 NBA Finals,"politics,worldnews,stocks,investing,news,Economics,geopolitics",twitter-roberta,0.3143386685848236,0.4049056470993659,0.3143386685848236,0.4049056470993659,1,0.12285205245018005,25,0,25,25,25
21,2026-05-22T12:29:11.061324+00:00,0x713641f745d71f6ec61f906237ffca3c8583f251e49384429a63ceb0ccdb2d37,Will the New York Knicks win the 2026 NBA Finals?,0.202,Sports,15217978.817216609,2026-07-01T00:00:00Z,New York Knicks win 2026 NBA Finals,"politics,worldnews,stocks,investing,news,Economics,geopolitics",twitter-roberta,0.271488835811615,0.23024576029602,0.271488835811615,0.23024576029602,1,-0.08780931234359741,25,0,25,25,25
22,2026-05-22T12:29:11.061324+00:00,0xb6b3d7a2037b3faa7e1306d741840d453432902d73cc9a146a035e40271eae73,Will the San Antonio Spurs win the 2026 NBA Finals?,0.2955,Sports,29181601.16997256,2026-07-01T00:00:00Z,San Antonio Spurs win 2026 NBA Finals,"politics,worldnews,stocks,investing,news,Economics,geopolitics",twitter-roberta,0.2664302897453308,0.3134516298258635,0.2664302897453308,0.3134516298258635,1,0.07144941747188568,25,0,25,25,25
23,2026-05-22T12:29:11.061324+00:00,0xe459d1b598da754c9fd5fc155b6efe3a144aa80abbc7d041fce7d35d903d3c8e,Will MegaETH perform an airdrop by June 30? ,0.13,Other,1545358.054966997,2026-02-01T05:00:00Z,MegaETH perform airdrop June 30,"politics,worldnews,stocks,investing,news,Economics,geopolitics",twitter-roberta,0.1780797529220581,0.155586303490361,0.1780797529220581,0.155586303490361,1,-0.3841553443670273,25,0,25,25,25
24,2026-05-22T12:29:11.061324+00:00,0x7976b8dbacf9077eb1453a62bcefd6ab2df199acd28aad276ff0d920d6992892,Will Spain win the 2026 FIFA World Cup?,0.1705,Sports,23481043.18637921,2026-07-20T00:00:00Z,Spain win 2026 FIFA World Cup,"politics,worldnews,stocks,investing,news,Economics,geopolitics",twitter-roberta,-0.1453800129890441,-0.279353896126617,-0.1453800129890441,-0.279353896126617,1,0.18765266716480256,25,0,25,25,25
25,2026-05-22T12:29:11.061324+00:00,0x375409bc5eeeff961e82b479caeccc20f33d15738e5bce1186d628aa3d9dfb1f,Will England win the 2026 FIFA World Cup?,0.1125,Sports,18894756.80473701,2026-07-20T00:00:00Z,England win 2026 FIFA World Cup,"politics,worldnews,stocks,investing,news,Economics,geopolitics",twitter-roberta,-0.1453800129890441,-0.2723234987987886,-0.1453800129890441,-0.2723234987987886,1,0.24900297999382018,25,0,25,25,25
26,2026-05-22T12:29:11.061324+00:00,0x9b6fef249040fd17e9c107955b37ac2c3e923509b6b0ff01cc463a331ddeb894,Will France win the 2026 FIFA World Cup?,0.1795,Sports,29398504.937061463,2026-07-20T00:00:00Z,France win 2026 FIFA World Cup,"politics,worldnews,stocks,investing,news,Economics,geopolitics",twitter-roberta,-0.0994415211677551,-0.1940016306541871,-0.0994415211677551,-0.1940016306541871,1,0.2360463881492615,25,0,25,25,25
27,2026-05-22T12:29:11.061324+00:00,0x30d55d8124ee1e12dabe89201badc45669b81dff69e4ce44d961f32878ec178a,Will Brazil win the 2026 FIFA World Cup?,0.0885,Sports,20310975.943669003,2026-07-20T00:00:00Z,Brazil win 2026 FIFA World Cup,"politics,worldnews,stocks,investing,news,Economics,geopolitics",twitter-roberta,-0.048817708492279,-0.1903526154222908,-0.048817708492279,-0.1903526154222908,1,0.18370785236358642,25,0,25,25,25
28,2026-05-22T12:29:11.061324+00:00,0x0c4cd2055d6ea89354ffddc55d6dbcef9355748112ea952fc925f3db6a5c457f,Will Argentina win the 2026 FIFA World Cup?,0.0835,Sports,20356407.113245063,2026-07-20T00:00:00Z,Argentina win 2026 FIFA World Cup,"politics,worldnews,stocks,investing,news,Economics,geopolitics",twitter-roberta,-0.1453800129890441,-0.2887974340581712,-0.1453800129890441,-0.2887974340581712,1,0.05989938616752624,25,0,25,25,25
29,2026-05-22T12:29:11.061324+00:00,0x1595b4818eeb1ea1e0bec5de6f057218e557feee9b405a0e930d290384fa1d16,Will Germany win the 2026 FIFA World Cup?,0.0515,Sports,18731070.96305682,2026-07-20T00:00:00Z,Germany win 2026 FIFA World Cup,"politics,worldnews,stocks,investing,news,Economics,geopolitics",twitter-roberta,-0.1481959128379821,-0.2797294968450383,-0.1481959128379821,-0.2797294968450383,1,0.13463237702846528,25,0,25,25,25
30,2026-05-22T12:29:11.061324+00:00,0x4f3421fb2daf5cca7430ed8d8132463963081572d75434393a1808fdb8829fe8,Will Portugal win the 2026 FIFA World Cup?,0.0885,Sports,22269351.009304788,2026-07-20T00:00:00Z,Portugal win 2026 FIFA World Cup,"politics,worldnews,stocks,investing,news,Economics,geopolitics",twitter-roberta,-0.1453800129890441,-0.2880678004817441,-0.1453800129890441,-0.2880678004817441,1,0.1620357710123062,25,0,25,25,25
