category,segment,bucket,n,days,mean_gross_cents,mean_net_cents,train_net_cents,test_net_cents,hit_rate,net_positive_share,thin
sports,spread,0-0.5c,62082,11,0.0751,-1.6347,-1.7239,-1.4682,0.6018,0.0235,False
sports,spread,0.5-1c,13601,11,0.1053,-2.1839,-2.245,-2.0767,0.5528,0.0305,False
sports,spread,1-2c,110067,11,0.0955,-2.6244,-2.5824,-2.6693,0.5478,0.0384,False
sports,spread,2-5c,17443,11,0.1559,-4.0219,-4.1233,-3.9036,0.5085,0.0825,False
sports,spread,5-10.1c,2642,11,-0.6473,-9.1131,-8.9589,-9.2419,0.4566,0.0924,False
sports,price,0.05-0.15,35353,11,-0.0121,-1.7151,-1.6735,-1.7774,0.5453,0.0273,False
sports,price,0.15-0.35,41048,11,0.0635,-2.7214,-2.7809,-2.6455,0.5646,0.0399,False
sports,price,0.35-0.65,51315,11,0.1518,-3.3453,-3.178,-3.549,0.5636,0.0506,False
sports,price,0.65-0.85,41434,11,0.1043,-2.6758,-2.7249,-2.6128,0.5504,0.0369,False
sports,price,0.85-0.95,36685,11,0.0905,-1.6193,-1.584,-1.6661,0.5442,0.0289,False
sports,strength,0.65-0.75,66898,11,0.0819,-2.5397,-2.4611,-2.6396,0.5354,0.0447,False
sports,strength,0.75-0.85,59388,11,0.0619,-2.4697,-2.3871,-2.5895,0.5537,0.0336,False
sports,strength,0.85-0.95,63696,11,0.0977,-2.4709,-2.4842,-2.4563,0.5676,0.0307,False
sports,strength,0.95-1.01,15853,11,0.1411,-2.5432,-2.5057,-2.6217,0.5865,0.0534,False
sports,spread x strength,0-0.5c x 0.65-0.75,19295,11,0.0298,-1.7707,-1.8105,-1.692,0.5584,0.0173,False
sports,spread x strength,0-0.5c x 0.75-0.85,19099,11,0.0461,-1.6379,-1.6696,-1.5802,0.5855,0.017,False
sports,spread x strength,0-0.5c x 0.85-0.95,17365,11,0.1197,-1.5113,-1.6993,-1.2382,0.6223,0.0302,False
sports,spread x strength,0-0.5c x 0.95-1.01,6323,11,0.1781,-1.549,-1.6865,-1.0288,0.6758,0.0433,False
sports,spread x strength,0.5-1c x 0.65-0.75,3750,11,0.0248,-2.2911,-2.298,-2.2813,0.5198,0.0309,False
sports,spread x strength,0.5-1c x 0.75-0.85,3972,11,0.0582,-2.2861,-2.3516,-2.1167,0.577,0.0237,False
sports,spread x strength,0.5-1c x 0.85-0.95,4128,11,0.2132,-2.0212,-2.098,-1.9072,0.5618,0.0315,False
sports,spread x strength,0.5-1c x 0.95-1.01,1751,11,0.1307,-2.1064,-2.1938,-1.9405,0.5484,0.0428,False
sports,spread x strength,1-2c x 0.65-0.75,37776,11,0.0976,-2.6677,-2.6038,-2.7358,0.5393,0.0502,False
sports,spread x strength,1-2c x 0.75-0.85,30654,11,0.0887,-2.6017,-2.5526,-2.6642,0.552,0.0374,False
sports,spread x strength,1-2c x 0.85-0.95,36395,11,0.0847,-2.6079,-2.5786,-2.6348,0.5492,0.0246,False
sports,spread x strength,1-2c x 0.95-1.01,5242,11,0.194,-2.559,-2.6384,-2.4634,0.5716,0.0568,False
sports,spread x strength,2-5c x 0.65-0.75,5467,11,0.239,-3.8557,-4.0269,-3.6903,0.5121,0.1044,False
sports,spread x strength,2-5c x 0.75-0.85,5011,11,0.0563,-4.097,-4.1669,-4.0255,0.4973,0.072,False
sports,spread x strength,2-5c x 0.85-0.95,4968,11,0.1567,-4.0584,-4.1235,-3.9802,0.5161,0.0696,False
sports,spread x strength,2-5c x 0.95-1.01,1997,11,0.1763,-4.1978,-4.2242,-4.1255,0.5079,0.0806,False
sports,spread x strength,5-10.1c x 0.65-0.75,610,11,-0.3016,-8.6773,-9.2674,-8.2647,0.4595,0.123,False
sports,spread x strength,5-10.1c x 0.75-0.85,652,11,-0.6762,-9.2398,-8.2609,-9.945,0.4608,0.1043,False
sports,spread x strength,5-10.1c x 0.85-0.95,840,11,-0.7116,-9.1939,-9.494,-8.8953,0.4672,0.0738,False
sports,spread x strength,5-10.1c x 0.95-1.01,540,11,-0.9028,-9.3267,-8.5299,-10.0611,0.4337,0.0722,False
politics,spread,0-0.5c,62082,11,0.0751,-1.3272,-1.4035,-1.1847,0.6018,0.0289,False
politics,spread,0.5-1c,13601,11,0.1053,-1.8619,-1.9158,-1.7674,0.5528,0.0355,False
politics,spread,1-2c,110067,11,0.0955,-2.2868,-2.251,-2.3251,0.5478,0.0424,False
politics,spread,2-5c,17443,11,0.1559,-3.6688,-3.7652,-3.5563,0.5085,0.0867,False
politics,spread,5-10.1c,2642,11,-0.6473,-8.7474,-8.6022,-8.8687,0.4566,0.1014,False
politics,price,0.05-0.15,35353,11,-0.0121,-1.5424,-1.5004,-1.6053,0.5453,0.0323,False
politics,price,0.15-0.35,41048,11,0.0635,-2.3532,-2.4041,-2.2882,0.5646,0.0432,False
politics,price,0.35-0.65,51315,11,0.1518,-2.8591,-2.6917,-3.063,0.5636,0.0568,False
politics,price,0.65-0.85,41434,11,0.1043,-2.3074,-2.3482,-2.255,0.5504,0.0401,False
politics,price,0.85-0.95,36685,11,0.0905,-1.447,-1.41,-1.4962,0.5442,0.0335,False
politics,strength,0.65-0.75,66898,11,0.0819,-2.1998,-2.1224,-2.2982,0.5354,0.0494,False
politics,strength,0.75-0.85,59388,11,0.0619,-2.1453,-2.0697,-2.2549,0.5537,0.0382,False
politics,strength,0.85-0.95,63696,11,0.0977,-2.1482,-2.1541,-2.1417,0.5676,0.0344,False
politics,strength,0.95-1.01,15853,11,0.1411,-2.2157,-2.1673,-2.3171,0.5865,0.0604,False
politics,spread x strength,0-0.5c x 0.65-0.75,19295,11,0.0298,-1.4465,-1.478,-1.3844,0.5584,0.0205,False
politics,spread x strength,0-0.5c x 0.75-0.85,19099,11,0.0461,-1.3346,-1.3624,-1.2837,0.5855,0.0213,False
politics,spread x strength,0-0.5c x 0.85-0.95,17365,11,0.1197,-1.2191,-1.376,-0.9912,0.6223,0.0377,False
politics,spread x strength,0-0.5c x 0.95-1.01,6323,11,0.1781,-1.2377,-1.3704,-0.7356,0.6758,0.0538,False
politics,spread x strength,0.5-1c x 0.65-0.75,3750,11,0.0248,-1.9619,-1.9691,-1.9518,0.5198,0.0357,False
politics,spread x strength,0.5-1c x 0.75-0.85,3972,11,0.0582,-1.9533,-2.0117,-1.8022,0.577,0.0302,False
politics,spread x strength,0.5-1c x 0.85-0.95,4128,11,0.2132,-1.712,-1.7782,-1.6136,0.5618,0.0344,False
politics,spread x strength,0.5-1c x 0.95-1.01,1751,11,0.1307,-1.7942,-1.8702,-1.6497,0.5484,0.0497,False
politics,spread x strength,1-2c x 0.65-0.75,37776,11,0.0976,-2.3199,-2.2611,-2.3825,0.5393,0.0555,False
politics,spread x strength,1-2c x 0.75-0.85,30654,11,0.0887,-2.2706,-2.237,-2.3132,0.552,0.0418,False
politics,spread x strength,1-2c x 0.85-0.95,36395,11,0.0847,-2.275,-2.2492,-2.2988,0.5492,0.0265,False
politics,spread x strength,1-2c x 0.95-1.01,5242,11,0.194,-2.225,-2.2776,-2.1616,0.5716,0.061,False
politics,spread x strength,2-5c x 0.65-0.75,5467,11,0.239,-3.5102,-3.6809,-3.3454,0.5121,0.1087,False
politics,spread x strength,2-5c x 0.75-0.85,5011,11,0.0563,-3.7476,-3.8158,-3.678,0.4973,0.077,False
politics,spread x strength,2-5c x 0.85-0.95,4968,11,0.1567,-3.7002,-3.7608,-3.6274,0.5161,0.0729,False
politics,spread x strength,2-5c x 0.95-1.01,1997,11,0.1763,-3.827,-3.8405,-3.7902,0.5079,0.0856,False
politics,spread x strength,5-10.1c x 0.65-0.75,610,11,-0.3016,-8.312,-8.9038,-7.8982,0.4595,0.1377,False
politics,spread x strength,5-10.1c x 0.75-0.85,652,11,-0.6762,-8.8614,-7.9155,-9.5428,0.4608,0.115,False
politics,spread x strength,5-10.1c x 0.85-0.95,840,11,-0.7116,-8.8222,-9.1175,-8.5283,0.4672,0.0821,False
politics,spread x strength,5-10.1c x 0.95-1.01,540,11,-0.9028,-8.9853,-8.1999,-9.7093,0.4337,0.0741,False
geopolitics,spread,0-0.5c,62082,11,0.0751,-0.0971,-0.1218,-0.0509,0.6018,0.1193,False
geopolitics,spread,0.5-1c,13601,11,0.1053,-0.5739,-0.5989,-0.5301,0.5528,0.0932,False
geopolitics,spread,1-2c,110067,11,0.0955,-0.9365,-0.9257,-0.9481,0.5478,0.0581,False
geopolitics,spread,2-5c,17443,11,0.1559,-2.2564,-2.333,-2.167,0.5085,0.1115,False
geopolitics,spread,5-10.1c,2642,11,-0.6473,-7.2847,-7.1753,-7.3759,0.4566,0.12,False
geopolitics,price,0.05-0.15,35353,11,-0.0121,-0.8517,-0.8081,-0.917,0.5453,0.0611,False
geopolitics,price,0.15-0.35,41048,11,0.0635,-0.8803,-0.897,-0.8591,0.5646,0.0937,False
geopolitics,price,0.35-0.65,51315,11,0.1518,-0.9144,-0.7463,-1.119,0.5636,0.1044,False
geopolitics,price,0.65-0.85,41434,11,0.1043,-0.8337,-0.8414,-0.8238,0.5504,0.0899,False
geopolitics,price,0.85-0.95,36685,11,0.0905,-0.758,-0.7139,-0.8165,0.5442,0.0612,False
geopolitics,strength,0.65-0.75,66898,11,0.0819,-0.8402,-0.7674,-0.9327,0.5354,0.0844,False
geopolitics,strength,0.75-0.85,59388,11,0.0619,-0.8477,-0.8002,-0.9166,0.5537,0.0785,False
geopolitics,strength,0.85-0.95,63696,11,0.0977,-0.8573,-0.8337,-0.8832,0.5676,0.0766,False
geopolitics,strength,0.95-1.01,15853,11,0.1411,-0.9059,-0.8138,-1.099,0.5865,0.1358,False
geopolitics,spread x strength,0-0.5c x 0.65-0.75,19295,11,0.0298,-0.1498,-0.1478,-0.1538,0.5584,0.0906,False
geopolitics,spread x strength,0-0.5c x 0.75-0.85,19099,11,0.0461,-0.1211,-0.1338,-0.098,0.5855,0.1026,False
geopolitics,spread x strength,0-0.5c x 0.85-0.95,17365,11,0.1197,-0.0503,-0.0828,-0.0031,0.6223,0.1446,False
geopolitics,spread x strength,0-0.5c x 0.95-1.01,6323,11,0.1781,0.0077,-0.1059,0.4376,0.6758,0.188,False
geopolitics,spread x strength,0.5-1c x 0.65-0.75,3750,11,0.0248,-0.6452,-0.6536,-0.6335,0.5198,0.0872,False
geopolitics,spread x strength,0.5-1c x 0.75-0.85,3972,11,0.0582,-0.6219,-0.6521,-0.544,0.577,0.0808,False
geopolitics,spread x strength,0.5-1c x 0.85-0.95,4128,11,0.2132,-0.4752,-0.4992,-0.4394,0.5618,0.095,False
geopolitics,spread x strength,0.5-1c x 0.95-1.01,1751,11,0.1307,-0.5452,-0.576,-0.4868,0.5484,0.1302,False
geopolitics,spread x strength,1-2c x 0.65-0.75,37776,11,0.0976,-0.9287,-0.8906,-0.9693,0.5393,0.0721,False
geopolitics,spread x strength,1-2c x 0.75-0.85,30654,11,0.0887,-0.9458,-0.9749,-0.9088,0.552,0.0584,False
geopolitics,spread x strength,1-2c x 0.85-0.95,36395,11,0.0847,-0.9438,-0.9317,-0.9549,0.5492,0.0391,False
geopolitics,spread x strength,1-2c x 0.95-1.01,5242,11,0.194,-0.8888,-0.8343,-0.9544,0.5716,0.0874,False
geopolitics,spread x strength,2-5c x 0.65-0.75,5467,11,0.239,-2.1285,-2.2973,-1.9655,0.5121,0.137,False
geopolitics,spread x strength,2-5c x 0.75-0.85,5011,11,0.0563,-2.3502,-2.4112,-2.2879,0.4973,0.1004,False
geopolitics,spread x strength,2-5c x 0.85-0.95,4968,11,0.1567,-2.2673,-2.31,-2.216,0.5161,0.0934,False
geopolitics,spread x strength,2-5c x 0.95-1.01,1997,11,0.1763,-2.344,-2.3056,-2.4493,0.5079,0.1147,False
geopolitics,spread x strength,5-10.1c x 0.65-0.75,610,11,-0.3016,-6.8509,-7.4494,-6.4325,0.4595,0.1623,False
geopolitics,spread x strength,5-10.1c x 0.75-0.85,652,11,-0.6762,-7.3477,-6.5339,-7.9339,0.4608,0.1288,False
geopolitics,spread x strength,5-10.1c x 0.85-0.95,840,11,-0.7116,-7.3353,-7.6117,-7.0602,0.4672,0.1012,False
geopolitics,spread x strength,5-10.1c x 0.95-1.01,540,11,-0.9028,-7.6198,-6.8799,-8.3018,0.4337,0.0907,False
